Ngày,Lần cuối,Mở,Cao,Thấp,KL
21/5/2018,1290.9,1290.3,1292.7,1281.2,328.02K
22/5/2018,1292,1292.3,1296,1287.2,291.72K
23/5/2018,1289.6,1290.6,1298.4,1286.7,402.34K
24/5/2018,1304.4,1293.3,1306.4,1292.2,432.42K
25/5/2018,1303.7,1304,1307.2,1299.4,292.91K
28/5/2018,1299,1297.2,1306.1,1291.4,386.33K
29/5/2018,1301.6,1302.8,1309,1294.7,2.24K
30/5/2018,1306.5,1303.1,1308.8,1300,338.85K
31/5/2018,1304.7,1306,1311.5,1301,315.14K
1/6/2018,1299.3,1303,1304.8,1293.1,318.57K
4/6/2018,1297.3,1296.7,1302.3,1293.8,215.33K
5/6/2018,1302.2,1296.4,1304.8,1293.5,271.29K
6/6/2018,1301.4,1300.6,1306.1,1297.7,252.05K
7/6/2018,1303,1300.9,1307.8,1299,259.65K
8/6/2018,1302.7,1301.3,1304.8,1296,217.65K
11/6/2018,1303.2,1303.5,1307,1297.8,211.58K
12/6/2018,1299.4,1304.5,1304.8,1296.3,236.39K
13/6/2018,1301.3,1299.6,1305.2,1294.5,263.84K
14/6/2018,1308.3,1303.1,1313,1301,347.19K
15/6/2018,1278.5,1303.1,1313,1277.9,525.96K
18/6/2018,1280.1,1281.1,1284.9,1279.5,195.74K
19/6/2018,1278.6,1280.7,1286.8,1272.6,289.57K
20/6/2018,1274.5,1277.3,1278.6,1269.6,233.18K
21/6/2018,1270.5,1269.7,1272.3,1262.4,281.81K
22/6/2018,1270.7,1268.6,1273.1,1268.4,184.22K
25/6/2018,1268.9,1272.2,1274.4,1265.5,201.57K
26/6/2018,1259.9,1267.3,1269.4,1256.4,254.01K
27/6/2018,1256.1,1260.5,1261.9,1252.2,256.90K
28/6/2018,1251,1253.6,1255.8,1247.2,241.82K
29/6/2018,1254.5,1249.5,1257.1,1246.9,226.20K
2/7/2018,1241.7,1253.4,1255.6,1240.6,262.87K
3/7/2018,1253.5,1242.9,1258.5,1238.8,297.34K
4/7/2018,1258.8,1257.7,1261,1252.2,392.95K
5/7/2018,1261.7,1257.8,1263.6,1256.9,0.14K
6/7/2018,1255.8,1258.4,1260.2,1253.7,200.19K
9/7/2018,1259.6,1255.7,1266.9,1255.7,238.97K
10/7/2018,1255.4,1258.5,1261,1247.7,272.63K
11/7/2018,1244.4,1256.7,1257.3,1241.7,299.64K
12/7/2018,1246.6,1242.3,1248.8,1241.4,220.96K
13/7/2018,1241.2,1247.7,1248.5,1236.2,257.31K
16/7/2018,1239.7,1241,1245.8,1238.3,186.30K
17/7/2018,1227.3,1240.8,1245.1,1225.9,318.22K
18/7/2018,1227.9,1227,1229.1,1220.9,283.98K
19/7/2018,1224,1227.3,1229.6,1210.7,428.88K
20/7/2018,1231.1,1222.9,1232.4,1215.3,355.23K
23/7/2018,1225.6,1231.7,1235.2,1222.2,333.33K
24/7/2018,1225.5,1224.4,1229.7,1218.1,299.06K
25/7/2018,1231.8,1224.2,1234.3,1223.2,272.25K
26/7/2018,1225.7,1231.7,1235.3,1221.7,285.61K
27/7/2018,1232.7,1231.4,1236.5,1226.3,156.04K
30/7/2018,1231.5,1231.1,1234.1,1227.8,183.75K
31/7/2018,1233.6,1230.5,1237.8,1222.6,297.83K
1/8/2018,1227.6,1232.7,1233.7,1224.4,218.46K
2/8/2018,1220.1,1224.7,1230,1215.3,234.63K
3/8/2018,1223.2,1216,1228.5,1212.5,280.21K
6/8/2018,1217.7,1222,1226,1214.4,199.54K
7/8/2018,1218.3,1215.8,1224.3,1215.6,205.38K
8/8/2018,1221,1218.7,1223.8,1213.6,263.24K
9/8/2018,1219.9,1222,1225.6,1218.4,232.04K
10/8/2018,1219,1220,1224.9,1213.1,328.24K
13/8/2018,1198.9,1218.4,1221.4,1198.6,374.12K
14/8/2018,1200.7,1201.1,1205.8,1198.9,242.55K
15/8/2018,1185,1201.5,1202,1180,377.68K
16/8/2018,1184,1183,1189,1167.1,362.11K
17/8/2018,1184.2,1180.7,1192,1178.5,255.79K
20/8/2018,1194.6,1190.4,1197.7,1189.6,205.77K
21/8/2018,1200,1197.3,1204.3,1194.3,218.29K
22/8/2018,1203.3,1203,1208.4,1199.2,234.15K
23/8/2018,1194,1202.8,1203.4,1190.2,232.88K
24/8/2018,1213.3,1191.6,1215.4,1189.5,293.98K
27/8/2018,1216,1214.5,1218.8,1209.3,209.19K
28/8/2018,1214.4,1217.7,1220.7,1205.8,273.18K
29/8/2018,1211.5,1206.6,1213.7,1206.6,241.90K
30/8/2018,1205,1212.6,1214,1202.1,288.07K
31/8/2018,1206.7,1206.3,1214.9,1204.1,265.11K
3/9/2018,1199.1,1207,1207.6,1195.1,421.47K
4/9/2018,1196.6,1201.8,1204.8,1193.3,0.06K
5/9/2018,1201.3,1197.2,1204.2,1196.4,209.56K
6/9/2018,1204.3,1202.5,1212.7,1200.5,284.20K
7/9/2018,1200.4,1205.6,1209,1198.7,287.65K
10/9/2018,1199.8,1200.7,1203.8,1196.2,213.40K
11/9/2018,1202.2,1200.4,1204.8,1192.7,263.07K
12/9/2018,1210.9,1203.5,1213.9,1197.6,304.32K
13/9/2018,1208.2,1212.4,1218,1205,304.35K
14/9/2018,1201.1,1206.6,1213.8,1197.7,282.26K
17/9/2018,1205.8,1199.8,1209.7,1197.5,209.94K
18/9/2018,1202.9,1206.4,1208.2,1200.3,229.11K
19/9/2018,1208.3,1202.8,1211,1202.2,233.87K
20/9/2018,1211.3,1208.8,1213.2,1205.1,241.61K
21/9/2018,1201.3,1212.1,1215.8,1196,344.75K
24/9/2018,1204.4,1204,1208.8,1198.6,214.29K
25/9/2018,1205.1,1203.1,1207.9,1201.3,197.64K
26/9/2018,1199.1,1205.5,1206.9,1194.6,343.48K
27/9/2018,1187.4,1198.9,1202.6,1185.6,351.05K
28/9/2018,1196.2,1186.8,1198,1184.3,307.82K
1/10/2018,1191.7,1196.1,1196.5,1188.1,220.51K
2/10/2018,1207,1192.7,1212.3,1192.2,365.32K
3/10/2018,1202.9,1207,1212.3,1200.4,255.07K
4/10/2018,1201.6,1201.4,1210.7,1199.6,290.84K
5/10/2018,1205.6,1203.7,1209.8,1200.9,255.48K
8/10/2018,1188.6,1206.7,1208,1186,320.10K
9/10/2018,1191.5,1192.2,1195.8,1186.6,243.86K
10/10/2018,1193.4,1192.7,1198.6,1188.5,248.56K
11/10/2018,1227.6,1197.9,1230,1194.7,531.78K
12/10/2018,1222,1227.7,1228.1,1219.3,318.23K
15/10/2018,1230.3,1221.2,1236.9,1220.4,291.57K
16/10/2018,1231,1230.5,1235.9,1226.3,242.42K
17/10/2018,1227.4,1228,1232.9,1223.7,235.33K
18/10/2018,1230.1,1225.5,1233.6,1221.7,243.11K
19/10/2018,1228.7,1228.6,1234.1,1226.2,191.80K
22/10/2018,1224.6,1230.5,1232.6,1222.8,187.23K
23/10/2018,1236.8,1225.1,1243,1224.5,288.38K
24/10/2018,1231.1,1233.8,1238,1228.3,211.48K
25/10/2018,1232.4,1236.6,1242,1230.5,259.68K
26/10/2018,1235.8,1234.7,1246,1232.5,315.69K
29/10/2018,1227.6,1236.4,1237.6,1226.1,234.29K
30/10/2018,1225.3,1231.9,1232.5,1221.4,224.64K
31/10/2018,1215,1224.7,1225,1213.4,247.06K
1/11/2018,1238.6,1216.6,1239.3,1216.1,313.45K
2/11/2018,1233.3,1235.3,1238.4,1231.3,256.02K
5/11/2018,1232.3,1234.5,1236.8,1228.4,159.43K
6/11/2018,1226.3,1233.4,1237.8,1224.9,199.67K
7/11/2018,1228.7,1228.9,1238.4,1224.2,259.29K
8/11/2018,1225.1,1227.7,1228.5,1220.8,239.02K
9/11/2018,1208.6,1224.3,1224.6,1207.2,322.35K
12/11/2018,1203.5,1210.3,1212,1200.6,203.64K
13/11/2018,1201.4,1201.1,1205.5,1196.6,248.93K
14/11/2018,1210.1,1202.8,1217.2,1198.1,277.87K
15/11/2018,1215,1211.8,1217,1207.1,253.57K
16/11/2018,1223,1214.4,1226,1213.7,242.04K
19/11/2018,1225.3,1222.6,1226.5,1218.5,198.39K
20/11/2018,1221.2,1224.6,1229.5,1220.3,255.20K
21/11/2018,1228,1222.4,1230.9,1220.1,227.21K
22/11/2018,1223.2,1227.8,1229.2,1220.3,240.35K
23/11/2018,1226.6,1231.3,1232.6,1224.2,0.78K
26/11/2018,1222.4,1223.9,1228.6,1221.7,267.32K
27/11/2018,1213.4,1222.6,1225.2,1211.4,307.89K
28/11/2018,1223.6,1214.3,1227.7,1210.5,247.17K
29/11/2018,1230.4,1227.1,1234.9,1226.7,246.43K
30/11/2018,1226,1229.9,1231.1,1221.8,170.45K
3/12/2018,1239.6,1228.6,1240.4,1228.5,247.72K
4/12/2018,1246.6,1240.4,1247.5,1239.6,221.14K
5/12/2018,1242.6,1241.5,1244.6,1238.7,110.21K
6/12/2018,1243.6,1245.7,1249.9,1240,248.86K
7/12/2018,1252.6,1244.3,1255.8,1243.3,225.56K
10/12/2018,1249.4,1254.9,1255.8,1246.9,199.74K
11/12/2018,1247.2,1251.1,1255.1,1245.8,186.39K
12/12/2018,1250,1250.6,1252.6,1247.1,157.07K
13/12/2018,1247.4,1250,1251.5,1244.4,158.85K
14/12/2018,1241.4,1246.9,1246.9,1236.5,194.65K
17/12/2018,1251.8,1241.5,1252.2,1240,166.88K
18/12/2018,1253.6,1251.1,1254.5,1249,171.59K
19/12/2018,1256.4,1253,1262.2,1245.3,275.31K
20/12/2018,1267.9,1248.5,1270.3,1247.1,318.24K
21/12/2018,1258.1,1264.6,1266.2,1257.1,212.78K
24/12/2018,1271.8,1264.2,1273.9,1262.1,137.24K
26/12/2018,1273,1273.5,1282.3,1267.4,208.54K
27/12/2018,1281.1,1273.2,1281.6,1269.1,213.50K
28/12/2018,1283,1280.1,1284.7,1278.2,162.73K
31/12/2018,1281.3,1280.9,1286.5,1279.7,113.26K
2/1/2019,1284.1,1285,1291,1280.6,235.33K
3/1/2019,1294.8,1290.4,1296.9,1286.4,244.54K
4/1/2019,1285.8,1298.9,1300,1278.1,316.06K
7/1/2019,1289.9,1290.2,1297,1287.3,204.68K
8/1/2019,1285.9,1287.4,1288.4,1280.2,221.92K
9/1/2019,1292,1287,1295,1280.9,245.97K
10/1/2019,1287.4,1293.6,1298,1286.7,239.92K
11/1/2019,1289.5,1290.2,1295.7,1287.2,210.64K
14/1/2019,1291.3,1292.7,1296.6,1288.6,221.89K
15/1/2019,1288.4,1293.1,1294.8,1286.5,242.07K
16/1/2019,1293.8,1289.1,1295.4,1287.6,181.39K
17/1/2019,1292.3,1294.6,1295,1288.3,191.98K
18/1/2019,1282.6,1290.4,1292,1280.1,225.57K
21/1/2019,1283.4,1282.4,1285,1276,318.85K
22/1/2019,1285.8,1284.5,1287.2,1279,1.27K
23/1/2019,1284,1284.4,1286,1277.7,217.13K
24/1/2019,1279.8,1283.6,1283.6,1275.3,225.77K
25/1/2019,1298.1,1279.2,1303.4,1278.9,303.84K
28/1/2019,1303.1,1301,1303.7,1296.5,243.07K
29/1/2019,1308.9,1302.2,1310.8,1302,213.61K
30/1/2019,1315.5,1318.4,1328.6,1313.5,272.11K
31/1/2019,1325.2,1323,1331.1,1322.6,224.75K
1/2/2019,1322.1,1323,1328.2,1320.6,200.00K
4/2/2019,1319.3,1319.6,1320.1,1312.7,159.56K
5/2/2019,1319.2,1317.1,1321,1314.8,129.01K
6/2/2019,1314.4,1317.6,1319.7,1309.6,137.25K
7/2/2019,1314.2,1308.1,1315.8,1306.4,166.76K
8/2/2019,1318.5,1313.2,1319.5,1311.5,150.61K
11/2/2019,1311.9,1318.1,1318.7,1307.1,150.61K
12/2/2019,1314,1311.4,1318.3,1310.7,146.45K
13/2/2019,1315.1,1315.2,1321.7,1308.1,213.96K
14/2/2019,1313.9,1311.8,1317.4,1304.7,228.46K
15/2/2019,1322.1,1314.7,1325.8,1314.3,200.28K
18/2/2019,1344.8,1327.9,1345,1324.4,348.64K
19/2/2019,1344.8,1325,1345,1323.8,348.64K
20/2/2019,1347.9,1347.8,1349.8,1339.8,246.72K
21/2/2019,1327.8,1340.5,1343.7,1323.3,285.81K
22/2/2019,1332.8,1327.2,1335.6,1323.8,241.80K
25/2/2019,1329.5,1332.7,1334.9,1327.3,181.78K
26/2/2019,1328.5,1329.9,1332.4,1325.5,185.56K
27/2/2019,1321.2,1331,1331.1,1318.4,198.04K
28/2/2019,1316.1,1319.6,1328.9,1314,252.24K
1/3/2019,1299.2,1315.9,1315.9,1291.3,343.47K
4/3/2019,1287.5,1297.4,1298.1,1283.8,268.39K
5/3/2019,1284.7,1288.5,1290.6,1282,216.93K
6/3/2019,1287.6,1288.5,1291.8,1284.3,192.93K
7/3/2019,1286.1,1288.6,1289.6,1280.8,257.92K
8/3/2019,1299.3,1286.8,1301.3,1286.5,283.84K
11/3/2019,1291.1,1298.5,1299.2,1290.6,196.86K
12/3/2019,1298.1,1293.1,1302.6,1292.9,203.89K
13/3/2019,1309.3,1303.7,1311.6,1303.4,214.24K
14/3/2019,1295.1,1308.1,1308.6,1292.5,248.21K
15/3/2019,1302.9,1295.4,1306.3,1293.7,234.65K
18/3/2019,1301.5,1299.3,1306.7,1298,176.49K
19/3/2019,1306.5,1304.8,1310.8,1303.4,206.90K
20/3/2019,1301.7,1304.3,1317.2,1298.1,370.40K
21/3/2019,1307.3,1316.1,1320.2,1302.8,332.61K
22/3/2019,1312.3,1308.2,1314.7,1307,271.38K
25/3/2019,1322.6,1313.2,1324.5,1312.6,251.98K
26/3/2019,1315,1320.5,1321.9,1312.1,267.17K
27/3/2019,1310.4,1316.7,1318.8,1307.3,206.26K
28/3/2019,1295.3,1315.9,1317.6,1293.3,426.82K
29/3/2019,1298.5,1296.3,1304.6,1291.3,270.18K
1/4/2019,1294.2,1295.9,1301.7,1291,236.66K
2/4/2019,1295.4,1292.7,1297.1,1289.5,196.40K
3/4/2019,1295.3,1295.6,1299,1292.7,190.37K
4/4/2019,1294.3,1296.3,1298.7,1284.9,262.54K
5/4/2019,1295.6,1295.8,1297.4,1288.3,231.45K
8/4/2019,1301.9,1297.6,1307.9,1297,207.57K
9/4/2019,1308.3,1303.2,1310.4,1301.1,200.34K
10/4/2019,1313.9,1307.6,1314.7,1304.7,218.88K
11/4/2019,1293.3,1311.4,1312.1,1292.9,324.74K
12/4/2019,1295.2,1296.8,1299.1,1293.2,192.49K
15/4/2019,1291.3,1293.2,1293.5,1285.3,232.99K
16/4/2019,1277.2,1290,1290.3,1275.5,326.51K
17/4/2019,1276.8,1278.7,1282.1,1275.2,223.36K
18/4/2019,1276,1276.3,1279.7,1273,229.63K
22/4/2019,1277.6,1277.9,1281.9,1275.7,136.44K
23/4/2019,1273.2,1277.2,1278.5,1267.9,280.34K
24/4/2019,1279.4,1272.3,1280.7,1270.5,246.05K
25/4/2019,1279.7,1276.3,1284.8,1275.4,237.15K
26/4/2019,1288.8,1280.1,1290.9,1276,278.89K
29/4/2019,1281.5,1287,1288.6,1279.9,208.96K
30/4/2019,1285.7,1283.5,1288.2,1281.6,239.44K
1/5/2019,1284.2,1284.2,1289.4,1274.5,275.43K
2/5/2019,1272,1278.2,1278.4,1267.3,282.50K
3/5/2019,1281.3,1272.9,1283.9,1269,280.32K
6/5/2019,1283.8,1286.4,1286.4,1278.1,244.34K
7/5/2019,1285.6,1284.1,1287.3,1279.1,251.09K
8/5/2019,1281.4,1287.4,1292.8,1280.2,302.69K
9/5/2019,1285.2,1282.9,1289.2,1280.4,306.55K
10/5/2019,1287.4,1285.1,1290.3,1284,238.64K
13/5/2019,1301.8,1288.4,1302.2,1282.4,379.44K
14/5/2019,1296.3,1302,1302.6,1294.3,222.05K
15/5/2019,1297.8,1298.3,1301.7,1293.6,247.52K
16/5/2019,1286.2,1296.9,1299.3,1284.2,282.07K
17/5/2019,1275.7,1287.2,1289,1274.6,264.57K
20/5/2019,1277.3,1277.6,1278.8,1273.3,212.18K
21/5/2019,1273.2,1277.7,1277.7,1269,213.17K
22/5/2019,1274.2,1274.4,1277.1,1272,191.37K
23/5/2019,1285.4,1273.6,1287.1,1272.1,330.16K
24/5/2019,1283.6,1283.2,1284.7,1280.1,218.71K
27/5/2019,1277.1,1283.5,1286.9,1275.1,362.16K
28/5/2019,1280.1,1287.2,1289.6,1278.5,0.78K
29/5/2019,1281,1278.9,1285.2,1278.4,189.69K
30/5/2019,1292.4,1285.1,1293.9,1279.2,284.02K
31/5/2019,1311.1,1293.2,1311.9,1292.5,341.18K
3/6/2019,1327.9,1312.5,1333,1310.9,363.40K
4/6/2019,1328.7,1329.7,1334.1,1324.7,319.96K
5/6/2019,1333.6,1330.2,1348.9,1329.3,413.47K
6/6/2019,1342.7,1336.1,1344.2,1331.3,263.09K
7/6/2019,1346.1,1339.7,1352.7,1334.3,331.29K
10/6/2019,1329.3,1341.2,1341.7,1329,228.03K
11/6/2019,1331.2,1331.8,1333.8,1323.6,215.15K
12/6/2019,1336.8,1330.6,1342.3,1329.8,234.46K
13/6/2019,1343.7,1337.8,1347,1335.9,204.83K
14/6/2019,1344.5,1346.5,1362.2,1341.4,358.45K
17/6/2019,1342.9,1345.5,1347.1,1336.6,238.71K
18/6/2019,1350.7,1343.9,1358.5,1342.1,376.27K
19/6/2019,1348.8,1350.4,1366.6,1344.8,332.61K
20/6/2019,1396.9,1364.5,1397.7,1361.3,542.90K
21/6/2019,1400.1,1391.2,1415.4,1386.1,518.89K
24/6/2019,1418.2,1403.9,1425.1,1403.6,375.15K
25/6/2019,1418.7,1423.4,1442.9,1415.1,643.59K
26/6/2019,1415.4,1427.2,1427.9,1405,421.95K
27/6/2019,1412,1412.7,1415.3,1401.4,336.36K
28/6/2019,1413.7,1413.3,1427.8,1408.6,306.62K
1/7/2019,1389.3,1401.8,1401.9,1384.7,389.76K
2/7/2019,1408,1386.2,1424,1386.2,383.25K
3/7/2019,1420.9,1424.7,1441,1414.7,419.61K
4/7/2019,1400.1,1421.6,1426.8,1388.6,577.38K
5/7/2019,1403.4,1426.5,1427.9,1393,0.34K
8/7/2019,1400,1401,1409.9,1393.8,318.69K
9/7/2019,1400.5,1397.9,1402.4,1387.5,287.18K
10/7/2019,1412.5,1400,1421.1,1391.8,443.50K
11/7/2019,1406.7,1421.1,1429.4,1402.7,400.09K
12/7/2019,1412.2,1406.2,1418.9,1404.5,284.97K
15/7/2019,1413.5,1417.7,1421.6,1409.3,243.38K
16/7/2019,1411.2,1416.4,1420,1402.1,334.82K
17/7/2019,1423.3,1407.9,1428.4,1401.3,358.17K
18/7/2019,1428.1,1428.5,1449.7,1415.6,481.33K
19/7/2019,1426.7,1448.3,1454.4,1421.1,530.02K
22/7/2019,1426.9,1428.5,1430.8,1423,255.35K
23/7/2019,1421.7,1426,1431.4,1414.6,386.68K
24/7/2019,1423.6,1418.6,1430,1416.7,318.16K
25/7/2019,1414.7,1426.8,1434.1,1411.1,489.39K
26/7/2019,1419.3,1414.9,1424.8,1412.9,306.02K
29/7/2019,1420.4,1419,1428,1414.4,224.27K
30/7/2019,1441.8,1439.5,1445.7,1434.8,259.62K
31/7/2019,1437.8,1443.7,1447.8,1422.3,419.58K
1/8/2019,1432.4,1425.6,1458.2,1412.1,587.56K
2/8/2019,1457.5,1457.5,1461.9,1442.5,493.05K
5/8/2019,1476.5,1451.2,1481.8,1448.8,534.19K
6/8/2019,1484.2,1481.1,1486.8,1468.2,381.92K
7/8/2019,1519.6,1486.7,1522.7,1484.3,651.55K
8/8/2019,1509.5,1512.1,1521.3,1501.6,402.96K
9/8/2019,1508.5,1515.9,1521.1,1506.2,332.61K
12/8/2019,1517.2,1509.2,1531.5,1498.6,355.10K
13/8/2019,1514.1,1522.3,1546.1,1488.9,616.74K
14/8/2019,1527.8,1513,1534.9,1504.5,484.19K
15/8/2019,1531.2,1526.6,1537.7,1518.3,436.12K
16/8/2019,1523.6,1533.9,1538.6,1513.9,322.46K
19/8/2019,1511.6,1523,1523.6,1503.3,295.83K
20/8/2019,1515.7,1506.3,1518.8,1503,247.54K
21/8/2019,1515.7,1518.4,1518.4,1506.5,245.90K
22/8/2019,1508.5,1512.4,1514.6,1502.1,279.41K
23/8/2019,1537.6,1508.8,1540.3,1503,473.00K
26/8/2019,1537.2,1545.4,1565,1534.8,411.67K
27/8/2019,1551.8,1537.3,1554.5,1535.3,347.05K
28/8/2019,1549.1,1551.8,1556.6,1541.4,353.91K
29/8/2019,1536.9,1549.4,1559.8,1528.6,455.60K
30/8/2019,1529.4,1536.9,1541.9,1525.6,330.85K
2/9/2019,1555.9,1535.2,1558.9,1528,554.83K
3/9/2019,1552.8,1531.9,1532.9,1525.3,0.00K
4/9/2019,1560.4,1556,1566.2,1542.6,412.35K
5/9/2019,1525.5,1561.4,1561.9,1514.3,606.40K
6/9/2019,1515.5,1525.6,1536.2,1510.7,544.87K
9/9/2019,1511.1,1516.4,1523.8,1505.5,317.52K
10/9/2019,1499.2,1507,1509.1,1492.1,397.92K
11/9/2019,1503.2,1493.9,1506.2,1492.9,308.79K
12/9/2019,1507.4,1504.9,1532.2,1496.8,491.47K
13/9/2019,1499.5,1506.5,1516.6,1493.1,364.42K
16/9/2019,1511.5,1513.1,1519.7,1503.4,349.61K
17/9/2019,1513.4,1506.5,1515,1500.9,336.63K
18/9/2019,1515.8,1509.7,1519.5,1490.7,364.96K
19/9/2019,1506.2,1502,1512.1,1496.3,291.30K
20/9/2019,1515.1,1506.8,1524.5,1505.3,284.39K
23/9/2019,1531.5,1521.5,1534.4,1517.9,359.88K
24/9/2019,1540.2,1529.8,1543.3,1522.8,424.86K
25/9/2019,1512.3,1539.8,1542.8,1507.4,481.46K
26/9/2019,1515.2,1510.9,1519.5,1507.1,378.29K
27/9/2019,1506.4,1511.8,1514.4,1493.3,451.93K
30/9/2019,1472.9,1501.7,1507.2,1470.5,439.71K
1/10/2019,1489,1478,1493.5,1465,450.17K
2/10/2019,1507.9,1485.4,1511.4,1480.5,393.10K
3/10/2019,1513.8,1505.6,1525.8,1501.7,408.74K
4/10/2019,1512.9,1511.6,1522.2,1501.4,344.79K
7/10/2019,1504.4,1518.6,1518.8,1493.3,257.78K
8/10/2019,1503.9,1498.7,1515.3,1492.1,371.44K
9/10/2019,1512.8,1510.9,1518,1505.1,285.28K
10/10/2019,1500.9,1510.8,1522.3,1495.7,417.88K
11/10/2019,1488.7,1498.3,1508,1478,485.96K
14/10/2019,1497.6,1492,1501.5,1487.1,228.32K
15/10/2019,1483.5,1497.7,1503,1480.8,317.99K
16/10/2019,1494,1484.8,1495.5,1480.6,367.90K
17/10/2019,1498.3,1494.2,1501.1,1487,305.67K
18/10/2019,1494.1,1495.6,1497.9,1488.3,232.55K
21/10/2019,1488.1,1495.6,1498.7,1484.8,284.29K
22/10/2019,1487.5,1487.5,1492.1,1484,208.97K
23/10/2019,1495.7,1491.1,1499.4,1490.7,244.62K
24/10/2019,1504.7,1495.1,1506.9,1490.4,305.01K
25/10/2019,1505.3,1506.4,1520.9,1503.1,368.74K
28/10/2019,1495.8,1507.4,1510.8,1492.3,318.13K
29/10/2019,1490.7,1494.3,1497.1,1485.6,291.98K
30/10/2019,1496.7,1490.5,1499.3,1483.1,353.64K
31/10/2019,1514.8,1498.8,1516.7,1496,390.01K
1/11/2019,1511.4,1515.1,1519,1505.4,380.99K
4/11/2019,1511.1,1516.4,1517.1,1506.5,260.20K
5/11/2019,1483.7,1511.6,1511.9,1480.7,593.62K
6/11/2019,1493.1,1484.3,1495.9,1483.8,313.72K
7/11/2019,1466.4,1492.1,1493.6,1461.4,674.98K
8/11/2019,1462.9,1469,1473.9,1457,447.07K
11/11/2019,1457.1,1460,1467.4,1448.9,310.16K
12/11/2019,1453.7,1455.9,1461.3,1446.2,429.61K
13/11/2019,1463.3,1456.5,1467.9,1456.4,352.33K
14/11/2019,1473.4,1464,1475.5,1461.7,317.40K
15/11/2019,1468.5,1471.9,1472.1,1462.8,251.21K
18/11/2019,1471.9,1467.8,1474.4,1456.6,331.24K
19/11/2019,1474.3,1471.9,1475.8,1465.1,307.86K
20/11/2019,1474.2,1472.7,1479.2,1466.1,369.97K
21/11/2019,1463.6,1475.1,1475.9,1462.4,388.34K
22/11/2019,1463.6,1464.3,1473.4,1461.2,320.50K
25/11/2019,1456.9,1461,1462,1453.9,298.71K
26/11/2019,1460.3,1455.1,1462.9,1449.6,346.36K
27/11/2019,1453.4,1461.1,1461.9,1452,88.36K
28/11/2019,1472.7,1461.2,1472.9,1459.1,272.34K
29/11/2019,1472.7,1461.2,1472.9,1459.1,272.34K
2/12/2019,1469.2,1470.3,1471.7,1459.8,316.58K
3/12/2019,1484.4,1468,1487.7,1465.4,400.90K
4/12/2019,1480.2,1483.2,1489.9,1476.7,319.73K
5/12/2019,1483.1,1480,1485.7,1478,240.01K
6/12/2019,1465.1,1481,1485.3,1463.3,317.32K
9/12/2019,1464.9,1464.1,1469.8,1463,177.22K
10/12/2019,1468.1,1466.3,1473.7,1464.2,228.83K
11/12/2019,1475,1468.5,1483.5,1466.9,251.73K
12/12/2019,1472.3,1479.2,1491.6,1468.2,409.86K
13/12/2019,1481.2,1470.8,1482.5,1465.5,356.68K
16/12/2019,1480.5,1480,1484.5,1477.4,165.85K
17/12/2019,1480.6,1480.6,1484.9,1478.4,173.25K
18/12/2019,1478.7,1480.4,1483.6,1474.3,197.97K
19/12/2019,1484.4,1479.4,1485.8,1477.1,201.19K
20/12/2019,1480.9,1482.7,1484.8,1479.5,140.77K
23/12/2019,1488.7,1482.4,1490.1,1481.2,162.45K
24/12/2019,1504.8,1489.8,1505,1488.1,183.68K
26/12/2019,1514.4,1503.9,1517.4,1502.1,216.61K
27/12/2019,1518.1,1516.5,1519.9,1512.1,204.99K
30/12/2019,1518.6,1515.9,1519.1,1513.5,178.72K
31/12/2019,1523.1,1517.7,1529,1517.5,220.85K
2/1/2020,1528.1,1521,1534,1519.7,270.55K
3/1/2020,1552.4,1531.7,1556.6,1530.4,436.74K
6/1/2020,1568.8,1562.7,1590.9,1562.3,558.97K
7/1/2020,1574.3,1567.4,1579.2,1557,435.87K
8/1/2020,1560.2,1578.8,1613.3,1553.4,813.41K
9/1/2020,1554.3,1557.7,1562.4,1541,372.88K
10/1/2020,1560.1,1553.4,1564.1,1546.7,344.34K
13/1/2020,1550.6,1563,1563.1,1547,311.73K
14/1/2020,1544.6,1548.6,1549.5,1536.4,340.91K
15/1/2020,1554,1546.8,1558.8,1546.5,310.07K
16/1/2020,1550.5,1556.6,1558.2,1548,260.05K
17/1/2020,1560.3,1553,1561.4,1549.3,264.93K
20/1/2020,1557.9,1557.3,1568.8,1546,462.62K
21/1/2020,1560.8,1567,1571.4,1549.2,2.22K
22/1/2020,1556.7,1558.9,1559.8,1550,286.08K
23/1/2020,1565.4,1558.9,1567.5,1551.3,361.03K
24/1/2020,1571.9,1562.9,1575.5,1555.8,427.14K
27/1/2020,1577.4,1580.5,1588.4,1575.3,398.06K
28/1/2020,1569.8,1580.6,1582.2,1564.6,378.01K
29/1/2020,1570.4,1566.3,1577.7,1562,251.27K
30/1/2020,1589.2,1582.4,1590.7,1576.8,382.60K
31/1/2020,1587.9,1578.4,1595.5,1575,343.37K
3/2/2020,1582.4,1597.8,1598.5,1573.2,320.60K
4/2/2020,1555.5,1581.5,1584.5,1552.8,349.00K
5/2/2020,1562.8,1556.1,1566.2,1551.1,306.05K
6/2/2020,1570,1560,1571.9,1556,229.00K
7/2/2020,1573.4,1570.7,1577.8,1563.5,286.42K
10/2/2020,1579.5,1575.8,1580.5,1571.5,191.75K
11/2/2020,1570.1,1575.5,1577.5,1565.2,231.83K
12/2/2020,1571.6,1571.2,1573.6,1564.4,189.55K
13/2/2020,1578.8,1569.8,1581.7,1568.5,276.25K
14/2/2020,1586.4,1579,1588.2,1576,227.11K
17/2/2020,1603.6,1585.1,1608.2,1581.8,414.24K
18/2/2020,1603.6,1585.1,1608.2,1581.8,414.24K
19/2/2020,1611.8,1604.8,1615.9,1602.4,307.89K
20/2/2020,1620.5,1615,1626.5,1606.6,403.04K
21/2/2020,1648.8,1623.6,1652.1,1621.6,489.19K
24/2/2020,1676.6,1656,1691.7,1652.8,680.82K
25/2/2020,1650,1661.8,1666.7,1627,672.76K
26/2/2020,1643.1,1637.3,1657.1,1626.6,531.90K
27/2/2020,1642.5,1643,1662.5,1636.7,573.29K
28/2/2020,1566.7,1646.1,1651,1564,745.84K
2/3/2020,1594.8,1592.8,1612.1,1576.3,443.53K
3/3/2020,1644.4,1586,1650.5,1585.9,466.53K
4/3/2020,1643,1640.1,1654.3,1632.6,313.34K
5/3/2020,1668,1638.2,1675.5,1635.6,363.00K
6/3/2020,1672.4,1673.1,1692.8,1642.4,659.63K
9/3/2020,1675.7,1692.6,1704.3,1658,504.16K
10/3/2020,1660.3,1679.6,1681.3,1641.1,385.48K
11/3/2020,1642.3,1649.3,1671.8,1632.4,404.35K
12/3/2020,1590.3,1633.1,1651,1560.4,605.72K
13/3/2020,1516.7,1582.7,1597.9,1504,551.05K
16/3/2020,1486.5,1563.8,1574.8,1450.9,565.98K
17/3/2020,1525.8,1512.8,1554.3,1465.6,434.51K
18/3/2020,1477.9,1527.6,1547,1473.3,435.19K
19/3/2020,1479.3,1487.2,1502.8,1460.1,325.29K
20/3/2020,1484.6,1471.6,1519.4,1457.5,269.97K
23/3/2020,1567.6,1505,1569.3,1484.6,362.07K
24/3/2020,1660.8,1563.8,1698,1560.5,418.78K
25/3/2020,1633.4,1666.2,1699.3,1615.2,254.19K
26/3/2020,1651.2,1642.5,1672.5,1611,215.97K
27/3/2020,1654.1,1653.4,1661,1630.7,159.26K
30/3/2020,1643.2,1663.4,1673.6,1632,157.37K
31/3/2020,1596.6,1643.4,1645.6,1588.2,176.55K
1/4/2020,1591.4,1589.4,1612.4,1576,164.48K
2/4/2020,1637.7,1602.4,1645.6,1595.2,167.71K
3/4/2020,1645.7,1635.3,1652.8,1624.4,139.61K
6/4/2020,1693.9,1647.7,1715.8,1638.2,192.75K
7/4/2020,1683.7,1707.1,1742.6,1672,204.50K
8/4/2020,1684.3,1678.7,1695.8,1670.7,125.33K
9/4/2020,1752.8,1680.5,1754.5,1676.5,218.80K
13/4/2020,1761.4,1742.3,1772.8,1724.2,166.89K
14/4/2020,1768.9,1761.5,1788.8,1747.1,241.19K
15/4/2020,1740.2,1758.1,1759.8,1731.6,186.70K
16/4/2020,1731.7,1743.5,1768,1722.6,204.23K
17/4/2020,1698.8,1738.5,1738.8,1691.2,227.07K
20/4/2020,1711.2,1693,1718.4,1685,186.91K
21/4/2020,1687.8,1713.3,1718,1666.2,248.63K
22/4/2020,1738.3,1703.1,1742.4,1695.4,193.73K
23/4/2020,1745.4,1736.5,1764.2,1730.6,201.88K
24/4/2020,1735.6,1753,1760.2,1725.4,180.24K
27/4/2020,1723.8,1745,1745.8,1720,146.64K
28/4/2020,1722.2,1724.4,1731.9,1704.1,171.34K
29/4/2020,1713.4,1724.8,1733.5,1708.2,159.60K
30/4/2020,1694.2,1729.6,1737,1687.5,234.53K
1/5/2020,1700.9,1693.5,1714.4,1676,168.02K
4/5/2020,1713.3,1711.2,1726,1700.3,148.73K
5/5/2020,1710.6,1711,1717.8,1695.4,184.73K
6/5/2020,1688.5,1714.1,1716.6,1683,203.37K
7/5/2020,1725.8,1686,1733.2,1683.9,250.70K
8/5/2020,1713.9,1727.2,1735.5,1703.1,232.81K
11/5/2020,1698,1706,1713.8,1692.1,202.17K
12/5/2020,1706.8,1700,1716.7,1693.5,198.07K
13/5/2020,1716.4,1705,1726.5,1701.6,211.61K
14/5/2020,1740.9,1723.1,1746.5,1716,212.91K
15/5/2020,1756.3,1738.5,1761.2,1736.8,200.18K
18/5/2020,1734.4,1757.5,1775.8,1729.3,271.47K
19/5/2020,1745.6,1734.8,1751.6,1727.2,185.26K
20/5/2020,1752.1,1749.2,1757.6,1744,184.46K
21/5/2020,1721.9,1751.7,1751.7,1715.3,238.74K
22/5/2020,1735.5,1726,1742,1722.5,196.82K
25/5/2020,1705.6,1734.8,1737.2,1700,313.17K
26/5/2020,1717.3,1739.8,1745.6,1711.3,3.44K
27/5/2020,1710.7,1703.1,1713.2,1684.2,137.42K
28/5/2020,1728.3,1725,1743.7,1720,164.82K
29/5/2020,1751.7,1732.7,1754.5,1725.3,150.11K
1/6/2020,1750.3,1749.8,1761,1737.6,146.13K
2/6/2020,1734,1750.3,1757,1728,175.35K
3/6/2020,1704.8,1733.7,1738.9,1690.3,256.52K
4/6/2020,1727.4,1702.8,1729,1698.9,198.72K
5/6/2020,1683,1720.8,1723.2,1671.7,273.68K
8/6/2020,1705.1,1686.7,1707.6,1680.7,154.77K
9/6/2020,1721.9,1703.9,1729.4,1697.6,182.91K
10/6/2020,1720.7,1718.9,1749.4,1714.1,198.76K
11/6/2020,1739.8,1746.6,1754.9,1727.5,205.35K
12/6/2020,1737.3,1733.6,1753,1728.2,151.40K
15/6/2020,1727.2,1740.7,1743.8,1706.2,200.23K
16/6/2020,1736.5,1732.3,1741.3,1721.8,182.42K
17/6/2020,1735.6,1735.3,1739.3,1717.3,140.07K
18/6/2020,1731.1,1735.5,1749.2,1722.7,155.91K
19/6/2020,1753,1729.8,1760.9,1728.3,181.15K
22/6/2020,1766.4,1765.8,1779,1753.5,228.68K
23/6/2020,1782,1764.9,1786.8,1758.3,194.68K
24/6/2020,1775.1,1784.4,1796.1,1770.6,239.53K
25/6/2020,1770.6,1772.3,1779.6,1764.1,152.20K
26/6/2020,1780.3,1774.8,1786.2,1754,201.23K
29/6/2020,1781.2,1789.2,1790.4,1776.5,130.51K
30/6/2020,1800.5,1784.2,1804,1774.8,199.42K
1/7/2020,1779.9,1798.9,1807.7,1767.9,263.25K
2/7/2020,1790,1779,1791.7,1766.3,186.31K
3/7/2020,1793.5,1787.9,1799,1779.2,184.65K
6/7/2020,1799,1793.7,1801.6,1788.6,0.11K
7/7/2020,1809.9,1793.9,1810.8,1781.2,221.73K
8/7/2020,1820.6,1807.9,1829.8,1803.8,247.50K
9/7/2020,1803.8,1818.8,1825.5,1799.6,283.37K
10/7/2020,1801.9,1808.4,1817,1796.5,223.83K
13/7/2020,1814.1,1803.4,1818.8,1802.1,230.40K
14/7/2020,1813.4,1805.2,1815,1791.1,253.21K
15/7/2020,1813.8,1811.1,1819.5,1804,183.06K
16/7/2020,1800.3,1813.1,1816.2,1794.1,196.57K
17/7/2020,1810,1796.9,1813.9,1795.2,167.01K
20/7/2020,1817.4,1812.3,1823.4,1806.6,177.74K
21/7/2020,1843.9,1819.6,1844.9,1817.2,271.09K
22/7/2020,1865.1,1842.8,1871.8,1842.1,382.23K
23/7/2020,1890,1871.6,1897.7,1863.1,418.75K
24/7/2020,1897.5,1884.9,1904.6,1880.5,300.17K
27/7/2020,1931,1901.2,1941.9,1899,428.23K
28/7/2020,1944.6,1937.1,1974.7,1900.2,434.45K
29/7/2020,1953.4,1950.6,1974.9,1935.2,209.84K
30/7/2020,1966.8,1986.4,1987.3,1952.3,271.38K
31/7/2020,1985.9,1973.6,2005.4,1971.4,279.32K
3/8/2020,1986.3,1997.4,2009.5,1975.2,178.75K
4/8/2020,2021,1993.5,2037.7,1982.6,274.42K
5/8/2020,2049.3,2037,2070.3,2027.5,366.38K
6/8/2020,2069.4,2055,2081.8,2049,312.76K
7/8/2020,2028,2076.4,2089.2,2024.8,398.13K
10/8/2020,2039.7,2044.8,2060.8,2027.8,251.31K
11/8/2020,1946.3,2038.4,2040.5,1911.3,565.00K
12/8/2020,1949,1921.6,1961,1874.2,459.84K
13/8/2020,1970.4,1927.3,1974.8,1923,349.89K
14/8/2020,1949.8,1963.8,1970,1939.1,241.80K
17/8/2020,1998.7,1956.4,2000.8,1939.1,289.44K
18/8/2020,2013.1,1993.6,2024.6,1985.2,361.48K
19/8/2020,1970.3,2010.5,2015.6,1930.5,443.26K
20/8/2020,1946.5,1934.4,1963.1,1928.9,383.34K
21/8/2020,1947,1955.6,1963.1,1916.6,355.07K
24/8/2020,1939.2,1947.9,1970.3,1930.8,286.26K
25/8/2020,1923.1,1935.9,1944.1,1919.1,274.11K
26/8/2020,1952.5,1939,1963.4,1908.4,342.21K
27/8/2020,1932.6,1963,1987,1914.7,467.17K
28/8/2020,1974.9,1937.5,1983,1928.2,334.10K
31/8/2020,1978.6,1973.9,1985.8,1962.3,245.11K
1/9/2020,1978.9,1973.7,2001.2,1969.2,304.89K
2/9/2020,1944.7,1976.8,1980.4,1938.9,332.59K
3/9/2020,1937.8,1948.9,1956.6,1927.2,303.03K
4/9/2020,1934.3,1938,1956.6,1921.6,304.74K
7/9/2020,1943.2,1938,1948.3,1911.7,416.01K
8/9/2020,1939.5,1937.4,1937.4,1909,0.04K
9/9/2020,1954.9,1939.4,1959.7,1926.3,227.18K
10/9/2020,1964.3,1955.3,1975.2,1948.6,271.48K
11/9/2020,1947.9,1953.8,1963.4,1944,205.23K
14/9/2020,1963.7,1948.9,1972.5,1945.2,200.09K
15/9/2020,1966.2,1966.2,1982.4,1955.6,239.54K
16/9/2020,1970.5,1961.4,1983.8,1957.2,298.39K
17/9/2020,1949.9,1967.6,1969.3,1938.2,273.14K
18/9/2020,1962.1,1951.1,1968.2,1951.1,176.07K
21/9/2020,1910.6,1957.3,1962.9,1885.4,386.67K
22/9/2020,1907.6,1918.1,1925.5,1898.9,282.71K
23/9/2020,1868.4,1905.1,1909.9,1856,411.56K
24/9/2020,1876.9,1866.9,1880.9,1851,345.04K
25/9/2020,1866.3,1872.7,1879.3,1854.1,230.86K
28/9/2020,1882.3,1862.7,1888.2,1851.1,235.92K
29/9/2020,1903.2,1886.4,1904.8,1880.8,217.80K
30/9/2020,1895.5,1903.2,1908.2,1885.8,259.87K
1/10/2020,1916.3,1891.2,1917.9,1890,262.09K
2/10/2020,1907.6,1911,1923.6,1895.2,212.73K
5/10/2020,1920.1,1910.9,1924.9,1891.2,177.59K
6/10/2020,1908.8,1917.8,1927,1878.2,219.44K
7/10/2020,1890.8,1882.6,1902.4,1877.1,188.59K
8/10/2020,1895.1,1890.6,1905.3,1885.3,185.45K
9/10/2020,1926.2,1898.4,1936.8,1898,229.85K
12/10/2020,1928.9,1935,1939.4,1923.8,157.21K
13/10/2020,1894.6,1927.3,1930.6,1889.3,267.54K
14/10/2020,1907.3,1895.4,1917.5,1885,188.30K
15/10/2020,1908.9,1906,1913.2,1892.7,213.57K
16/10/2020,1906.4,1912.7,1918.7,1901.1,146.91K
19/10/2020,1911.7,1903.2,1923.4,1900.2,159.85K
20/10/2020,1915.4,1906.4,1917.6,1896.6,163.91K
21/10/2020,1929.5,1911.6,1936,1911.6,201.27K
22/10/2020,1904.6,1927.4,1929.4,1894.2,215.58K
23/10/2020,1905.2,1906.5,1917.3,1895.2,172.96K
26/10/2020,1905.7,1906,1911.1,1892.5,166.31K
27/10/2020,1911.9,1904.4,1913.8,1898.7,153.30K
28/10/2020,1879.2,1909.8,1912.6,1869.1,297.09K
29/10/2020,1868,1877.5,1885.1,1859.2,225.16K
30/10/2020,1879.9,1867.9,1890.9,1863.3,213.17K
2/11/2020,1892.5,1877,1897.1,1873.3,164.94K
3/11/2020,1910.4,1896.4,1912.2,1887.6,171.37K
4/11/2020,1896.2,1910.3,1917.9,1881.8,293.95K
5/11/2020,1946.8,1903.4,1954.3,1902.2,297.51K
6/11/2020,1951.7,1950,1961.8,1937.2,246.78K
9/11/2020,1854.4,1956,1966.1,1848,496.09K
10/11/2020,1876.4,1864.1,1888.9,1858.9,264.87K
11/11/2020,1861.6,1876.1,1882.5,1853.9,215.17K
12/11/2020,1873.3,1863.9,1883,1860.7,209.93K
13/11/2020,1886.2,1875.6,1895.8,1872.1,162.54K
16/11/2020,1887.8,1886.6,1898,1861.5,222.94K
17/11/2020,1885.1,1888.2,1892.7,1876.3,160.88K
18/11/2020,1873.9,1879.5,1884.2,1860.3,209.00K
19/11/2020,1861.5,1872,1872.6,1850,222.35K
20/11/2020,1872.4,1864.8,1879.2,1859.1,186.17K
23/11/2020,1837.8,1869.8,1875,1828,319.66K
24/11/2020,1804.6,1835.7,1836.9,1797.1,367.88K
25/11/2020,1805.5,1805.2,1816.3,1798.6,205.75K
26/11/2020,1788.1,1812.1,1822.6,1776.5,282.35K
27/11/2020,1788.1,1812.1,1822.6,1776.5,282.35K
30/11/2020,1780.9,1790.8,1793.3,1767.2,242.73K
1/12/2020,1818.9,1780.3,1821.1,1778.4,203.65K
2/12/2020,1830.2,1819.1,1835.7,1810.5,185.32K
3/12/2020,1841.1,1833.9,1847.4,1826.7,180.36K
4/12/2020,1840,1844.7,1852.7,1832,171.26K
7/12/2020,1866,1841.1,1873,1824.8,209.04K
8/12/2020,1874.9,1866.1,1879.8,1863.9,151.79K
9/12/2020,1838.5,1875.4,1875.9,1828.2,219.59K
10/12/2020,1837.4,1843,1854.2,1831.5,164.80K
11/12/2020,1843.6,1840,1851.8,1826.8,153.80K
14/12/2020,1832.1,1845,1845.6,1820,168.49K
15/12/2020,1855.3,1830.5,1859.3,1828.5,173.61K
16/12/2020,1859.1,1857.7,1870,1848.2,199.68K
17/12/2020,1890.4,1868.4,1902,1865.9,219.87K
18/12/2020,1888.9,1891.3,1895.7,1881.9,153.23K
21/12/2020,1882.8,1892.9,1912,1859,232.05K
22/12/2020,1870.3,1883,1889.4,1863.7,176.02K
23/12/2020,1878.1,1865.6,1883.7,1860.9,162.54K
24/12/2020,1883.2,1877.3,1887.4,1873.1,89.41K
28/12/2020,1880.4,1887,1904.1,1873,196.76K
29/12/2020,1882.9,1878,1891.3,1875.6,149.27K
30/12/2020,1893.4,1881.8,1899,1879.5,133.66K
31/12/2020,1895.1,1899,1904.9,1889.1,130.63K
4/1/2021,1946.6,1908.2,1948.7,1906.1,273.37K
5/1/2021,1954.4,1946,1957,1938.4,201.95K
6/1/2021,1908.6,1952.8,1962.5,1902.6,366.61K
7/1/2021,1913.6,1921.5,1929.6,1907.5,199.98K
8/1/2021,1835.4,1915.2,1918.4,1827.8,443.51K
11/1/2021,1850.8,1849.4,1856,1817.1,268.36K
12/1/2021,1844.2,1845.4,1864,1835.8,240.66K
13/1/2021,1854.9,1855,1863,1841.6,225.99K
14/1/2021,1851.4,1845.6,1857.6,1826.6,257.66K
15/1/2021,1829.9,1847.3,1856.6,1822.1,231.11K
18/1/2021,1840.2,1828.8,1845,1800.8,331.59K
19/1/2021,1842,1830.6,1846,1804.2,0.40K
20/1/2021,1866.5,1839.9,1872,1831.1,274.40K
21/1/2021,1865.9,1871,1874.6,1857.5,196.94K
22/1/2021,1856.2,1870.1,1870.8,1836.3,249.72K
25/1/2021,1855.2,1855.3,1867.4,1846.2,211.98K
26/1/2021,1850.9,1854.9,1860.8,1847.2,170.26K
27/1/2021,1844.9,1849.7,1851.5,1828.4,195.54K
28/1/2021,1841.2,1847.2,1867,1835.6,277.59K
29/1/2021,1850.3,1845.6,1878.9,1841.2,276.17K
1/2/2021,1863.9,1865,1876,1851.7,242.05K
2/2/2021,1833.4,1863.6,1866.3,1830.4,236.00K
3/2/2021,1835.1,1838.5,1845.9,1830.1,137.23K
4/2/2021,1791.2,1834.5,1835.7,1784.6,279.62K
5/2/2021,1813,1794.3,1816,1792.2,205.76K
8/2/2021,1834.2,1818.1,1840.6,1807.3,177.56K
9/2/2021,1837.5,1832.4,1849.5,1830.3,154.39K
10/2/2021,1842.7,1838.3,1856.6,1834,176.44K
11/2/2021,1826.8,1844.3,1848.6,1821.7,147.02K
12/2/2021,1823.2,1825.4,1831.5,1810.1,171.90K
15/2/2021,1799,1826,1827.1,1788.1,355.92K
16/2/2021,1799,1826,1827.1,1788.1,355.92K
17/2/2021,1772.8,1793.1,1794.2,1767.9,257.34K
18/2/2021,1775,1776,1788.8,1766.6,224.77K
19/2/2021,1777.4,1774.6,1790.9,1759,251.78K
22/2/2021,1808.4,1782,1812.4,1778.6,221.20K
23/2/2021,1805.9,1809.3,1815.2,1794.5,191.15K
24/2/2021,1797.9,1805,1813,1782.2,224.06K
25/2/2021,1775.4,1804.9,1805,1763.9,316.25K
26/2/2021,1728.8,1770.9,1773.8,1714.9,362.55K
1/3/2021,1723,1732.8,1757.4,1717.2,241.92K
2/3/2021,1733.6,1722.8,1737.8,1704.6,235.96K
3/3/2021,1715.8,1736.5,1739.1,1699.4,255.65K
4/3/2021,1700.7,1708.4,1721.6,1687.6,277.45K
5/3/2021,1698.5,1695.3,1705.7,1683,269.33K
8/3/2021,1678,1701.6,1712,1673.3,273.91K
9/3/2021,1716.9,1679.3,1718.7,1676.7,248.95K
10/3/2021,1721.8,1714.5,1725.3,1705.6,226.89K
11/3/2021,1722.6,1725,1738,1716.8,215.34K
12/3/2021,1719.8,1720.5,1728,1696.6,232.21K
15/3/2021,1729.2,1726.5,1733.2,1719.2,163.05K
16/3/2021,1730.9,1730.7,1740.5,1724.4,173.89K
17/3/2021,1727.1,1730,1750.6,1722,220.55K
18/3/2021,1732.5,1744,1754.2,1716.6,251.76K
19/3/2021,1741.7,1733.7,1746.1,1727.1,213.28K
22/3/2021,1738.1,1745.6,1747,1726.4,196.31K
23/3/2021,1725.1,1738.5,1742,1722.7,226.20K
24/3/2021,1733.2,1725.9,1737.7,1722.3,186.52K
25/3/2021,1725.1,1733.2,1744.8,1720.3,226.21K
26/3/2021,1732.3,1725.5,1735.5,1718.8,172.94K
29/3/2021,1712.2,1731.5,1732.6,1703.3,135.46K
30/3/2021,1686,1713,1714.8,1678.3,225.87K
31/3/2021,1715.6,1685.9,1716.3,1677.3,210.77K
1/4/2021,1728.4,1709,1732,1706.4,170.43K
5/4/2021,1728.8,1730,1734.4,1721.6,101.75K
6/4/2021,1743,1729.2,1746.7,1728.2,152.60K
7/4/2021,1741.6,1744.4,1745.4,1731.2,122.80K
8/4/2021,1758.2,1738.6,1759.4,1733.6,144.57K
9/4/2021,1744.8,1756.5,1758.2,1730.8,171.40K
12/4/2021,1732.7,1744.5,1746.2,1727,125.36K
13/4/2021,1747.6,1732.2,1749.5,1723.2,175.59K
14/4/2021,1736.3,1746.4,1750.7,1732.3,145.26K
15/4/2021,1766.8,1736.6,1770.6,1734.4,198.14K
16/4/2021,1780.2,1764.8,1784.7,1760.3,173.50K
19/4/2021,1770.6,1778.8,1790.4,1766.6,180.73K
20/4/2021,1778.4,1770.5,1780.8,1763.5,169.04K
21/4/2021,1793.1,1779.1,1798.4,1776.6,173.97K
22/4/2021,1782,1794.5,1798.1,1777.1,163.75K
23/4/2021,1777.8,1784,1796.3,1769.5,175.85K
26/4/2021,1780.1,1776.1,1783.1,1768.2,143.36K
27/4/2021,1778.8,1781.1,1785.9,1773.9,147.95K
28/4/2021,1773.9,1776.4,1782.7,1761.8,198.58K
29/4/2021,1768.3,1781.9,1789.9,1754.6,231.52K
30/4/2021,1767.7,1772.4,1773.3,1763.3,167.29K
3/5/2021,1791.8,1768.1,1798.9,1765.6,204.54K
4/5/2021,1776,1793.2,1799.5,1769.2,246.59K
5/5/2021,1784.3,1778.4,1788.1,1769.3,178.81K
6/5/2021,1815.7,1787,1818.6,1781.8,287.63K
7/5/2021,1831.3,1815.4,1844.6,1813.4,367.70K
10/5/2021,1837.6,1835.4,1846.3,1830.5,269.71K
11/5/2021,1836.1,1836.2,1842.5,1817.8,311.10K
12/5/2021,1822.8,1838.2,1844.7,1813,339.21K
13/5/2021,1824,1816.2,1829.1,1808.4,249.93K
14/5/2021,1838.1,1826.4,1847.1,1819,224.38K
17/5/2021,1867.6,1845.9,1869.3,1841.1,267.71K
18/5/2021,1868,1867.3,1875.9,1863.5,229.02K
19/5/2021,1881.5,1870.2,1891.3,1852.2,398.21K
20/5/2021,1881.9,1869.9,1885.3,1864.2,223.57K
21/5/2021,1876.7,1878.1,1890.3,1870.3,234.29K
24/5/2021,1884.5,1883.5,1887.9,1875.7,183.31K
25/5/2021,1898,1881.2,1901.2,1873.2,316.67K
26/5/2021,1901.2,1900,1913.3,1890.7,170.53K
27/5/2021,1895.7,1896.8,1903.9,1888.2,35.79K
28/5/2021,1905.3,1899.8,1908.8,1884.3,198.14K
31/5/2021,1905,1906.8,1919.2,1894.5,290.65K
1/6/2021,1905,1906.8,1919.2,1894.5,290.65K
2/6/2021,1909.9,1903,1911.8,1896.4,166.04K
3/6/2021,1873.3,1910.5,1912.3,1866.7,278.58K
4/6/2021,1892,1872.7,1899,1855.6,228.83K
7/6/2021,1898.8,1894.3,1902.9,1883.7,146.02K
8/6/2021,1894.4,1901.6,1906.9,1885.7,173.60K
9/6/2021,1895.5,1894.4,1901.7,1889.3,147.33K
10/6/2021,1896.4,1891.4,1903,1871.8,250.55K
11/6/2021,1879.6,1901.9,1906.2,1876.1,220.46K
14/6/2021,1865.9,1879.6,1879.7,1845.7,242.30K
15/6/2021,1856.4,1867.8,1870.9,1853,155.34K
16/6/2021,1861.4,1861,1866,1804.4,234.10K
17/6/2021,1774.8,1812.3,1826.4,1767.9,385.89K
18/6/2021,1769,1773.9,1797.9,1761.2,264.61K
21/6/2021,1782.9,1764.3,1786.9,1764.1,195.52K
22/6/2021,1777.4,1783.2,1790.1,1771.2,172.75K
23/6/2021,1783.4,1779.1,1795.6,1773.1,179.27K
24/6/2021,1776.7,1778.2,1788.6,1772.7,152.23K
25/6/2021,1777.8,1775.7,1791,1773.6,161.20K
28/6/2021,1780.7,1782,1786.1,1770.4,160.79K
29/6/2021,1763.6,1778.8,1779.2,1750.1,239.91K
30/6/2021,1771.6,1761.9,1774.7,1753.2,177.89K
1/7/2021,1776.8,1770.8,1783.4,1765.9,171.44K
2/7/2021,1783.3,1777.5,1795.9,1774.4,205.86K
5/7/2021,1794.2,1787.5,1815.7,1784.7,276.60K
6/7/2021,1795,1790.7,1814.8,1790.1,0.26K
7/7/2021,1802.1,1797,1810.2,1794.1,171.08K
8/7/2021,1800.2,1803.8,1819.5,1793.5,249.34K
9/7/2021,1810.6,1803.2,1813,1796.6,185.58K
12/7/2021,1805.9,1808.5,1811,1791,201.42K
13/7/2021,1809.9,1806.7,1818,1798.7,242.18K
14/7/2021,1825,1808.3,1831.1,1804.9,229.88K
15/7/2021,1829,1828.7,1835,1820.6,175.61K
16/7/2021,1815,1830.7,1832.7,1809.5,184.66K
19/7/2021,1809.2,1811.6,1818,1795,249.68K
20/7/2021,1811.4,1813.5,1825.9,1805.2,221.14K
21/7/2021,1803.4,1810.6,1814.4,1794.3,218.64K
22/7/2021,1805.4,1803.9,1808.4,1791.9,193.32K
23/7/2021,1801.8,1807.7,1810.7,1789.1,236.76K
26/7/2021,1799.2,1802.3,1812,1796,204.55K
27/7/2021,1799.8,1797.1,1805.4,1792.8,177.04K
28/7/2021,1799.7,1798.6,1809,1790.7,209.78K
29/7/2021,1835.8,1811.5,1837.5,1810.9,212.07K
30/7/2021,1817.2,1832.5,1835.5,1813.1,157.14K
2/8/2021,1822.2,1817,1823.2,1808.2,159.76K
3/8/2021,1814.1,1816.8,1818.2,1809.5,103.45K
4/8/2021,1814.5,1813.7,1835.9,1808.3,244.68K
5/8/2021,1808.9,1814.9,1817.9,1799.7,169.84K
6/8/2021,1763.1,1806.7,1807,1759.5,323.15K
9/8/2021,1726.5,1765,1765.7,1677.9,289.54K
10/8/2021,1731.7,1732,1739.4,1718.5,182.56K
11/8/2021,1753.3,1730.4,1756.7,1724.6,185.44K
12/8/2021,1751.8,1752.9,1759.6,1742.6,137.12K
13/8/2021,1778.2,1754.4,1781.9,1753,144.81K
16/8/2021,1789.8,1780.7,1791.3,1772,137.70K
17/8/2021,1787.8,1789.1,1797.6,1782.1,144.82K
18/8/2021,1784.4,1787.8,1795.7,1778.8,132.73K
19/8/2021,1783.1,1789.5,1795,1774.6,151.25K
20/8/2021,1784,1782.8,1791,1780,107.97K
23/8/2021,1806.3,1781.2,1809.1,1778,156.32K
24/8/2021,1808.5,1807.6,1812.2,1802.6,114.79K
25/8/2021,1791,1805.1,1805.3,1784,163.46K
26/8/2021,1795.2,1793,1800.4,1781.3,134.53K
27/8/2021,1819.5,1795.2,1821.9,1785.2,203.64K
30/8/2021,1812.2,1821.6,1826.5,1810,104.88K
31/8/2021,1818.1,1812.2,1821.9,1803.4,170.39K
1/9/2021,1816,1816.7,1822.7,1810.6,140.12K
2/9/2021,1811.5,1816.2,1819.6,1806.5,113.03K
3/9/2021,1833.7,1811.5,1836.9,1810.9,184.98K
6/9/2021,1798.5,1833.5,1833.5,1793.7,252.48K
7/9/2021,1797.4,1824,1824.4,1792.8,0.02K
8/9/2021,1793.5,1796.1,1804.4,1783.1,161.26K
9/9/2021,1800,1790.9,1803.4,1785.1,154.13K
10/9/2021,1792.1,1796.2,1806,1788.2,136.25K
13/9/2021,1794.4,1789.8,1800.2,1784.4,114.31K
14/9/2021,1807.1,1794.8,1810.6,1780.6,197.95K
15/9/2021,1794.8,1806.6,1808.5,1791.7,139.30K
16/9/2021,1756.7,1795.5,1797.3,1745.5,255.27K
17/9/2021,1751.4,1754.6,1767.8,1747.1,183.25K
20/9/2021,1763.8,1754.2,1768.4,1742.3,152.45K
21/9/2021,1778.2,1765.5,1782.8,1758.3,141.62K
22/9/2021,1778.8,1775,1788.4,1764.6,172.35K
23/9/2021,1749.8,1769.2,1777.1,1737.5,225.46K
24/9/2021,1751.7,1743.7,1758,1740.2,151.55K
27/9/2021,1752,1751.8,1760.9,1744.7,137.57K
28/9/2021,1737.5,1750,1754.3,1727.8,215.84K
29/9/2021,1722.9,1734,1746,1721.1,177.39K
30/9/2021,1757,1726,1765,1721.8,246.37K
1/10/2021,1758.4,1757.2,1765.2,1749.9,151.20K
4/10/2021,1767.6,1762.6,1771.5,1747.7,166.18K
5/10/2021,1760.9,1770.8,1771.1,1748.6,151.42K
6/10/2021,1761.8,1760.5,1765.9,1745.4,159.22K
7/10/2021,1759.2,1763.8,1767.7,1752,146.41K
8/10/2021,1757.4,1757,1782.4,1753.6,240.37K
11/10/2021,1755.7,1757.4,1761.1,1749.9,114.77K
12/10/2021,1759.3,1753.6,1770,1750.5,168.11K
13/10/2021,1794.7,1760.4,1797.4,1757.9,299.04K
14/10/2021,1797.9,1793.6,1801.9,1787.6,164.65K
15/10/2021,1768.3,1797.3,1797.7,1765.1,202.63K
18/10/2021,1765.7,1767.5,1772.5,1760.3,152.74K
19/10/2021,1770.5,1764.8,1786,1763.4,166.97K
20/10/2021,1784.9,1769.4,1789.6,1767.1,174.08K
21/10/2021,1781.9,1782.5,1790.3,1776.8,138.73K
22/10/2021,1796.3,1783.7,1815.5,1783.4,312.81K
25/10/2021,1806.8,1794.2,1811.5,1793,153.59K
26/10/2021,1793.4,1808.7,1809.8,1783,197.93K
27/10/2021,1798.8,1795,1801,1784.3,182.80K
28/10/2021,1802.6,1798.7,1812.7,1793.1,220.88K
29/10/2021,1783.9,1801.5,1802.9,1772.4,254.51K
1/11/2021,1795.8,1785.3,1797.5,1780.2,143.33K
2/11/2021,1789.4,1794.8,1797.8,1787.4,145.79K
3/11/2021,1763.9,1789.2,1789.3,1758.5,257.43K
4/11/2021,1793.5,1769.9,1800.3,1769.3,222.61K
5/11/2021,1816.8,1792.6,1820.1,1785.3,299.62K
8/11/2021,1828,1820.6,1828.3,1813.8,200.41K
9/11/2021,1830.8,1826.9,1834.8,1821,224.41K
10/11/2021,1848.3,1834.5,1870.6,1823,352.79K
11/11/2021,1863.9,1851.5,1868.7,1845.1,205.31K
12/11/2021,1868.5,1864.3,1871.4,1847.5,201.36K
15/11/2021,1866.6,1872.6,1873,1858.5,221.21K
16/11/2021,1854.1,1864.9,1879.5,1851,220.43K
17/11/2021,1870.2,1851.6,1870.6,1851.1,172.42K
18/11/2021,1861.4,1869.5,1873.3,1856.6,186.06K
19/11/2021,1851.6,1860.8,1868.1,1844.2,234.08K
22/11/2021,1806.3,1848.3,1850.4,1802.4,352.86K
23/11/2021,1783.8,1807.1,1812.5,1781.7,311.35K
24/11/2021,1784.3,1789.8,1796.2,1777.4,203.24K
25/11/2021,1788.1,1792.3,1819.3,1781.6,180.64K
26/11/2021,1786.9,1788.4,1817.7,1780.5,2.97K
29/11/2021,1785.2,1795.2,1801.5,1782,151.37K
30/11/2021,1776.5,1786.9,1811.4,1771.2,242.86K
1/12/2021,1784.3,1777.4,1795.7,1773.7,180.34K
2/12/2021,1762.7,1783.8,1785.2,1762.2,172.72K
3/12/2021,1783.9,1769.4,1788,1766,175.18K
6/12/2021,1779.5,1787.7,1789,1776.4,104.48K
7/12/2021,1784.7,1779.5,1789.3,1772.4,129.89K
8/12/2021,1785.5,1785.1,1794.3,1780.1,109.69K
9/12/2021,1776.7,1784.3,1788.4,1773.3,123.97K
10/12/2021,1784.8,1776.3,1791,1770.4,142.00K
13/12/2021,1788.3,1784.2,1792.8,1782.2,106.06K
14/12/2021,1772.3,1787.6,1789.8,1766.1,153.25K
15/12/2021,1764.5,1771.9,1781.3,1753,161.10K
16/12/2021,1798.2,1777.9,1800.7,1775.7,167.78K
17/12/2021,1804.9,1801.5,1815.7,1796.5,156.61K
20/12/2021,1794.6,1800.2,1804.6,1789,105.39K
21/12/2021,1788.7,1791.4,1801.7,1785,134.15K
22/12/2021,1802.2,1789.4,1806.3,1785.8,110.41K
23/12/2021,1811.7,1805.6,1812,1799,104.84K
27/12/2021,1808.8,1810.2,1814.6,1803.6,84.23K
28/12/2021,1810.9,1812.1,1821.6,1805.5,100.54K
29/12/2021,1805.8,1806.6,1808,1789.1,138.69K
30/12/2021,1814.1,1805.6,1818.1,1796.2,113.43K
31/12/2021,1828.6,1817,1831.4,1815.4,106.60K
3/1/2022,1800.1,1830.1,1833,1798.2,168.31K
4/1/2022,1814.6,1801.1,1817.2,1798.1,167.71K
5/1/2022,1825.1,1815.2,1830.7,1808.2,173.34K
6/1/2022,1789.2,1810.6,1811.6,1785.4,238.64K
7/1/2022,1797.4,1791,1798.4,1781.3,238.93K
10/1/2022,1798.8,1796.4,1802,1789.3,173.04K
11/1/2022,1818.5,1801.3,1823.1,1799.7,184.15K
12/1/2022,1827.3,1821.3,1828.2,1814.4,192.98K
13/1/2022,1821.4,1825.7,1828.3,1811.8,215.52K
14/1/2022,1816.5,1822.1,1829.3,1814.2,174.94K
17/1/2022,1812.4,1818.7,1822.9,1804.7,362.94K
18/1/2022,1814.1,1818.7,1824.2,1806.9,0.34K
19/1/2022,1843.2,1812.9,1843.9,1809,318.49K
20/1/2022,1842.6,1840.1,1848.5,1836.2,233.86K
21/1/2022,1831.8,1840.6,1843.7,1828.4,225.25K
24/1/2022,1841.7,1835.2,1844.9,1829.3,244.33K
25/1/2022,1852.5,1843.6,1854.2,1834.4,197.80K
26/1/2022,1829.7,1848,1850.2,1814.1,270.03K
27/1/2022,1793.1,1819,1821.4,1790.6,196.04K
28/1/2022,1786.6,1799.6,1800.3,1780.6,217.15K
31/1/2022,1796.4,1792.8,1800.9,1785.8,139.42K
1/2/2022,1801.5,1798.9,1809.7,1796.2,128.88K
2/2/2022,1810.3,1800.8,1812,1794.6,123.02K
3/2/2022,1804.1,1807.4,1809.5,1788.5,173.72K
4/2/2022,1807.8,1805.4,1815.8,1792.1,177.71K
7/2/2022,1821.8,1808,1824.6,1807.5,139.81K
8/2/2022,1827.9,1821.5,1829.9,1816,142.41K
9/2/2022,1836.6,1827,1837.1,1825.5,136.72K
10/2/2022,1837.4,1834,1843.3,1821.8,227.46K
11/2/2022,1842.1,1827,1867.4,1821.1,239.09K
14/2/2022,1869.4,1862.2,1876.5,1851.9,231.02K
15/2/2022,1856.2,1873.8,1881.6,1845.4,214.88K
16/2/2022,1871.5,1855.5,1874.6,1851.8,141.49K
17/2/2022,1902,1872,1904,1869.7,268.55K
18/2/2022,1899.8,1901.4,1905,1888,161.75K
21/2/2022,1907.4,1903.5,1918.3,1889.7,334.59K
22/2/2022,1907.4,1903.5,1918.3,1889.7,334.59K
23/2/2022,1910.4,1901.2,1912.9,1891.1,154.84K
24/2/2022,1926.3,1911.9,1976.5,1878.6,423.05K
25/2/2022,1887.6,1906.5,1925,1884.4,229.78K
28/2/2022,1900.7,1921,1935.2,1892.2,249.27K
1/3/2022,1943.8,1908.4,1952.6,1903,224.00K
2/3/2022,1922.3,1945.3,1951.4,1916,227.98K
3/3/2022,1935.9,1931.7,1944.6,1923.1,180.21K
4/3/2022,1966.6,1938.5,1974.9,1931.5,241.53K
7/3/2022,1995.9,1978.5,2007.5,1964.2,372.19K
8/3/2022,2043.3,2001,2078.8,1985.8,447.65K
9/3/2022,1988.2,2060.2,2068.5,1981,360.35K
10/3/2022,2000.4,1992.8,2015.1,1975,303.27K
11/3/2022,1985,2000.3,2004,1960.6,262.09K
14/3/2022,1960.8,1988.7,1994.8,1952,162.20K
15/3/2022,1929.7,1953.7,1956.9,1908.1,220.37K
16/3/2022,1909.2,1920.1,1930.1,1895.2,195.46K
17/3/2022,1943.2,1928.4,1951,1924,149.83K
18/3/2022,1929.3,1943.9,1946.2,1918,150.88K
21/3/2022,1929.5,1922.4,1941.8,1917.2,146.41K
22/3/2022,1921.5,1936.1,1939.5,1909.8,153.28K
23/3/2022,1937.3,1920.9,1948.8,1915.6,153.31K
24/3/2022,1962.2,1944.1,1967.2,1937.4,181.20K
25/3/2022,1954.2,1957.8,1965.1,1942.6,147.90K
28/3/2022,1939.8,1958.7,1959.8,1915.7,181.37K
29/3/2022,1912.2,1922.4,1929.4,1888.3,128.05K
30/3/2022,1939,1924,1943.4,1920.1,136.04K
31/3/2022,1954,1937.3,1955,1923,155.30K
1/4/2022,1923.7,1942.4,1944.5,1921.4,135.15K
4/4/2022,1934,1927.1,1941.6,1918.2,108.44K
5/4/2022,1927.5,1937.3,1948.9,1920.9,147.26K
6/4/2022,1923.1,1927.6,1937.6,1916.2,153.97K
7/4/2022,1937.8,1928.1,1941.7,1923.3,122.81K
8/4/2022,1945.6,1934.3,1952.2,1930.4,142.50K
11/4/2022,1948.2,1949.6,1974.6,1942.9,184.39K
12/4/2022,1976.1,1957.4,1982.7,1953,172.39K
13/4/2022,1984.7,1970.5,1985.8,1966.3,132.03K
14/4/2022,1974.9,1981.6,1984,1962.7,139.42K
18/4/2022,1986.4,1978.5,2003,1974.4,138.13K
19/4/2022,1959,1981.2,1985.1,1945.5,181.44K
20/4/2022,1955.6,1952.7,1960.9,1941,139.51K
21/4/2022,1948.2,1960,1960.1,1938,154.92K
22/4/2022,1934.3,1953.1,1957.8,1928,176.68K
25/4/2022,1896,1931.9,1935.5,1891.8,231.49K
26/4/2022,1904.1,1899.8,1912.2,1896.3,166.20K
27/4/2022,1888.7,1907.4,1908.1,1881.6,178.20K
28/4/2022,1891.3,1886.8,1897.8,1870.9,170.91K
29/4/2022,1911.7,1895.8,1921.3,1893.5,177.14K
2/5/2022,1863.6,1896.2,1900.4,1853.4,193.83K
3/5/2022,1870.6,1863.6,1878.4,1849.7,167.43K
4/5/2022,1868.8,1868.3,1892,1861.1,161.48K
5/5/2022,1875.7,1884.1,1910.7,1872.3,218.39K
6/5/2022,1882.8,1877.5,1894,1865,194.28K
9/5/2022,1858.6,1883.7,1885.6,1851,218.82K
10/5/2022,1841,1853.9,1864.7,1834.5,260.81K
11/5/2022,1853.7,1836.6,1857.8,1830.6,243.56K
12/5/2022,1824.6,1852.3,1858.8,1820.1,255.61K
13/5/2022,1808.2,1821.4,1827.6,1797.2,179.48K
16/5/2022,1814,1809.4,1826,1785,159.49K
17/5/2022,1818.9,1823.9,1834.8,1811,137.29K
18/5/2022,1815.9,1813.2,1822.9,1805,150.35K
19/5/2022,1841.2,1815.1,1848.2,1808.4,175.24K
20/5/2022,1842.1,1839.6,1847.8,1830.6,143.05K
23/5/2022,1847.8,1844.4,1864.3,1843.3,163.27K
24/5/2022,1865.4,1852.3,1869.1,1847.6,174.76K
25/5/2022,1846.3,1865.4,1866.7,1838.7,182.82K
26/5/2022,1847.6,1851.8,1852.8,1836.3,123.36K
27/5/2022,1857.3,1855.1,1866.9,1851.9,123.76K
30/5/2022,1848.4,1856.5,1867.9,1837.6,201.80K
31/5/2022,1848.4,1856.5,1867.9,1837.6,201.80K
1/6/2022,1848.7,1840,1853,1830.2,158.04K
2/6/2022,1871.4,1849.9,1874.4,1846.5,127.47K
3/6/2022,1850.2,1872.6,1878.6,1849.7,115.34K
6/6/2022,1843.7,1853.7,1861.2,1843,103.18K
7/6/2022,1852.1,1843.5,1858.2,1838.5,119.21K
8/6/2022,1856.5,1855,1862.4,1846.6,114.14K
9/6/2022,1852.8,1855.1,1857.8,1841.9,131.29K
10/6/2022,1875.5,1850.4,1879.6,1826.5,267.20K
13/6/2022,1831.8,1879,1882.5,1819,252.54K
14/6/2022,1813.5,1820.9,1833.3,1806.1,165.15K
15/6/2022,1819.6,1809.7,1845.4,1808.4,203.42K
16/6/2022,1849.9,1835.8,1860.2,1816.3,180.89K
17/6/2022,1840.6,1859.3,1861.5,1836.1,141.72K
20/6/2022,1838.8,1840.6,1848.4,1830.7,176.30K
21/6/2022,1838.8,1840.6,1848.4,1830.7,176.30K
22/6/2022,1838.4,1834.9,1850.3,1824.5,149.55K
23/6/2022,1829.8,1839.7,1848.9,1823.5,167.07K
24/6/2022,1830.3,1824.2,1833.7,1817.7,139.72K
27/6/2022,1824.8,1839.6,1842.8,1821.8,143.82K
28/6/2022,1821.2,1823.6,1830.9,1819.1,111.40K
29/6/2022,1817.5,1821.4,1834.9,1810.7,155.54K
30/6/2022,1807.3,1819.2,1826.8,1802.5,208.90K
1/7/2022,1801.5,1808.1,1813.6,1783.4,249.49K
4/7/2022,1763.9,1814.4,1815.2,1763,310.37K
5/7/2022,1768.9,1817,1817,1768.9,1.33K
6/7/2022,1736.5,1764.2,1771.5,1730.7,258.82K
7/7/2022,1739.7,1737.2,1748.2,1734.7,151.26K
8/7/2022,1742.3,1738.7,1751.7,1726,189.18K
11/7/2022,1731.7,1741.5,1743,1729,171.90K
12/7/2022,1724.8,1731.3,1742.2,1721.6,255.17K
13/7/2022,1735.5,1723.6,1744.3,1704.5,300.55K
14/7/2022,1705.8,1733.6,1734.8,1695,266.35K
15/7/2022,1703.6,1708.2,1714.2,1696.6,176.80K
18/7/2022,1710.2,1706.4,1722,1704.4,157.54K
19/7/2022,1710.7,1707.2,1716.5,1702.6,131.77K
20/7/2022,1700.2,1709.5,1712.7,1690.1,174.47K
21/7/2022,1713.4,1693.7,1719.5,1678.4,248.88K
22/7/2022,1727.4,1717.2,1738.3,1711.7,200.62K
25/7/2022,1719.1,1726.3,1734.6,1712.9,160.72K
26/7/2022,1717.7,1717.9,1726.4,1711.5,147.37K
27/7/2022,1719.1,1715.2,1739.6,1709.1,144.87K
28/7/2022,1769.2,1751.4,1774.4,1750.4,192.86K
29/7/2022,1781.8,1773.1,1784.6,1768.4,136.89K
1/8/2022,1787.7,1782.5,1792.5,1774.3,133.74K
2/8/2022,1789.7,1789.2,1805,1776,174.17K
3/8/2022,1776.4,1777.3,1789.4,1770,151.73K
4/8/2022,1806.9,1782.1,1812,1779.4,153.29K
5/8/2022,1791.2,1807.7,1811.6,1780.2,168.90K
8/8/2022,1805.2,1790.3,1806.4,1786.9,103.68K
9/8/2022,1812.3,1805.5,1817,1799.4,120.51K
10/8/2022,1813.7,1811.5,1824.6,1803.3,154.59K
11/8/2022,1807.2,1807.9,1814.9,1798.6,121.26K
12/8/2022,1815.5,1805.2,1819.1,1799.6,118.65K
15/8/2022,1798.1,1818.9,1818.9,1787.6,137.77K
16/8/2022,1789.7,1795.5,1798,1785.4,94.40K
17/8/2022,1776.7,1790.8,1796.6,1773.9,137.83K
18/8/2022,1771.2,1777.1,1786.3,1768.8,124.32K
19/8/2022,1762.9,1773.1,1773.3,1759.1,138.70K
22/8/2022,1748.4,1760.6,1762.1,1740.2,142.86K
23/8/2022,1761.2,1750,1767.5,1743.1,145.26K
24/8/2022,1761.5,1761.3,1769.5,1754.8,112.65K
25/8/2022,1771.4,1764.4,1778.8,1763,117.57K
26/8/2022,1749.8,1771.8,1772.3,1746.2,176.90K
29/8/2022,1749.7,1748.4,1757.9,1731.4,156.22K
30/8/2022,1736.3,1749.8,1752.8,1732.9,130.66K
31/8/2022,1726.2,1735.5,1738,1720.6,176.73K
1/9/2022,1709.3,1723,1723,1699.1,198.62K
2/9/2022,1722.6,1707.8,1729.5,1705.9,174.68K
4/9/2022,1718.65,1723.6,1723.75,1718.65,
5/9/2022,1712.9,1724.2,1737.4,1710.6,206.27K
6/9/2022,1707.9,1719.7,1719.7,1714.2,0.02K
7/9/2022,1727.8,1712.9,1731.2,1701.7,173.62K
8/9/2022,1720.2,1729.5,1739.4,1713.7,184.18K
9/9/2022,1728.6,1719.6,1740.5,1719.4,154.71K
12/9/2022,1740.6,1728.4,1746.4,1722.3,154.37K
13/9/2022,1717.4,1736,1742.9,1706.7,232.70K
14/9/2022,1709.1,1711.6,1717.3,1703.3,163.29K
15/9/2022,1677.3,1707.2,1707.8,1668.9,268.09K
16/9/2022,1683.5,1673.7,1689.9,1661.9,217.23K
19/9/2022,1678.2,1685.4,1688.8,1667.6,141.17K
20/9/2022,1671.1,1684.9,1688.8,1668.1,143.93K
21/9/2022,1675.7,1673.2,1696.9,1661.3,227.94K
22/9/2022,1681.1,1682.8,1693.5,1663.3,241.28K
23/9/2022,1655.6,1680.1,1685,1646.6,243.05K
26/9/2022,1633.4,1651,1657.2,1627.7,219.86K
27/9/2022,1636.2,1629.2,1650.1,1628.7,197.06K
28/9/2022,1670,1636.5,1671.6,1622.2,279.82K
29/9/2022,1668.6,1669,1673.1,1649.3,201.96K
30/9/2022,1672,1669.5,1684.4,1667.5,179.99K
3/10/2022,1702,1670.5,1710.4,1666.5,215.49K
4/10/2022,1730.5,1708.4,1738.7,1704,205.08K
5/10/2022,1720.8,1734.4,1736.6,1708.8,173.22K
6/10/2022,1720.8,1725.5,1734.2,1714.8,139.44K
7/10/2022,1709.3,1721,1722.8,1698.4,157.45K
10/10/2022,1675.2,1703.4,1707.4,1672.5,157.15K
11/10/2022,1686,1675.6,1691.3,1667.5,171.81K
12/10/2022,1677.5,1673.4,1685.1,1668,131.77K
13/10/2022,1677,1680.2,1688.9,1648.3,237.01K
14/10/2022,1648.9,1672.8,1677.8,1645.6,183.17K
17/10/2022,1664,1649.9,1674.3,1649.1,148.89K
18/10/2022,1655.8,1655.9,1666,1650.6,163.17K
19/10/2022,1634.2,1657.2,1659.8,1632.2,179.25K
20/10/2022,1636.8,1634.6,1650.3,1626.3,163.73K
21/10/2022,1656.3,1632.4,1663.1,1621.1,271.10K
24/10/2022,1654.1,1662.9,1675.5,1648,171.02K
25/10/2022,1658,1654.5,1666.8,1641.2,182.80K
26/10/2022,1669.2,1657.7,1679.4,1653.8,186.93K
27/10/2022,1665.6,1668.8,1674.8,1658.5,189.29K
28/10/2022,1644.8,1667.2,1670.9,1640.7,196.36K
31/10/2022,1640.7,1647.2,1648.5,1634.5,128.41K
1/11/2022,1649.7,1636.1,1660.3,1633.6,197.98K
2/11/2022,1650,1651.4,1673.1,1637.4,220.93K
3/11/2022,1630.9,1639.1,1643.2,1618.3,254.70K
4/11/2022,1676.6,1631.7,1686.4,1631.1,293.52K
7/11/2022,1680.5,1678.6,1685.6,1670,187.59K
8/11/2022,1716,1678,1720.4,1667.1,297.62K
9/11/2022,1713.7,1715.2,1725.8,1705.1,239.65K
10/11/2022,1753.7,1709.7,1760.6,1705.5,305.72K
11/11/2022,1769.4,1758.3,1775.6,1750.3,227.04K
14/11/2022,1776.9,1769.4,1778.4,1755.8,191.35K
15/11/2022,1776.8,1774,1791.8,1770.2,283.02K
16/11/2022,1775.8,1782,1788.2,1773.4,200.76K
17/11/2022,1763,1777,1777.6,1756.6,169.10K
18/11/2022,1754.4,1763.1,1769.9,1749.2,137.33K
21/11/2022,1739.6,1752,1755,1733.9,166.08K
22/11/2022,1739.9,1739.7,1751,1737.6,153.09K
23/11/2022,1745.6,1740.8,1754.9,1719,167.77K
24/11/2022,1754,1751,1761.2,1745.9,134.30K
25/11/2022,1754,1751,1761.2,1745.9,134.30K
28/11/2022,1740.3,1755,1763.5,1738.2,132.77K
29/11/2022,1763.7,1754.6,1773.4,1752.9,127.32K
30/11/2022,1759.9,1763.4,1784.2,1758.2,192.24K
1/12/2022,1815.2,1783.1,1818.4,1782.9,226.15K
2/12/2022,1809.6,1817,1818.7,1791.8,183.72K
5/12/2022,1781.3,1810.5,1822.9,1778.1,179.82K
6/12/2022,1782.4,1780.8,1793.2,1779.1,127.86K
7/12/2022,1798,1783.3,1803.2,1780.5,155.57K
8/12/2022,1801.5,1799.5,1806.9,1793.2,116.27K
9/12/2022,1810.7,1801.9,1819,1800.1,150.94K
12/12/2022,1792.3,1808,1809.3,1789,107.78K
13/12/2022,1825.5,1792.3,1836.9,1791.8,230.91K
14/12/2022,1818.7,1822.6,1825.4,1806.2,143.80K
15/12/2022,1787.8,1818.7,1819.7,1782,185.32K
16/12/2022,1800.2,1786.9,1804.2,1783.9,128.75K
19/12/2022,1797.7,1801.6,1808.6,1793.2,86.09K
20/12/2022,1825.4,1796.8,1832.4,1793.7,197.50K
21/12/2022,1825.4,1827.9,1833.8,1821.3,110.18K
22/12/2022,1795.3,1823.8,1829.3,1792.7,175.77K
23/12/2022,1804.2,1801,1812.2,1798.9,105.46K
26/12/2022,1809.7,1805.8,1811.95,1805.55,
27/12/2022,1823.1,1808.2,1841.9,1808,159.62K
28/12/2022,1815.8,1822.4,1822.8,1804.2,118.08K
29/12/2022,1826,1812.3,1827.3,1811.2,105.99K
30/12/2022,1826.2,1821.8,1832.4,1819.8,107.50K
2/1/2023,1835.8,1834.55,1837.9,1831.4,
3/1/2023,1846.1,1831.8,1856.6,1831.3,212.27K
4/1/2023,1859,1845.2,1871.3,1842,198.35K
5/1/2023,1840.6,1861.2,1864.3,1829.9,188.60K
6/1/2023,1869.7,1835.9,1875.2,1835.2,215.37K
9/1/2023,1877.8,1872.8,1886.4,1869.3,204.55K
10/1/2023,1876.5,1875.7,1885.2,1872,170.51K
11/1/2023,1878.9,1881.3,1890.9,1870.9,222.25K
12/1/2023,1898.8,1879.7,1906.5,1872.4,265.17K
13/1/2023,1921.7,1898.8,1925.3,1895.1,247.88K
15/1/2023,1919.9,1923.25,1923.6,1919.85,
16/1/2023,1909.9,1923.8,1931.8,1906.2,268.37K
17/1/2023,1907.2,1920.1,1920.1,1905.2,0.71K
18/1/2023,1907,1911.1,1929.8,1898.6,218.97K
19/1/2023,1923.9,1907,1936.9,1902,214.25K
20/1/2023,1928.2,1933.7,1939,1922,165.27K
23/1/2023,1936.2,1936.1,1943.7,1920.1,0.97K
24/1/2023,1943.1,1940.5,1950.6,1926.3,1.08K
25/1/2023,1950.3,1946,1956,1928.7,1.27K
26/1/2023,1937.6,1955.3,1957,1926.5,2.10K
27/1/2023,1936.6,1936.8,1943,1923.7,2.33K
30/1/2023,1922.9,1928.3,1933.6,1920.3,27.22K
31/1/2023,1929.5,1923,1930.4,1900.6,1.91K
1/2/2023,1927.8,1927.2,1955,1922,2.29K
2/2/2023,1916.3,1952.3,1959.1,1911.3,0.75K
3/2/2023,1862.9,1912.4,1917,1861.5,0.99K
6/2/2023,1866.2,1865.6,1880,1863.4,0.42K
7/2/2023,1871.7,1870,1875.7,1868,0.30K
8/2/2023,1877.4,1872.1,1880.4,1872.1,0.23K
9/2/2023,1866.2,1875.3,1884.6,1859.8,0.22K
10/2/2023,1862.8,1861.6,1863.5,1852.4,0.03K
13/2/2023,1851.9,1859,1861,1850,0.57K
14/2/2023,1854,1854.1,1862,1846.2,0.66K
15/2/2023,1834.2,1842,1842,1828.2,0.37K
16/2/2023,1842,1838.6,1843.7,1827.2,0.22K
17/2/2023,1840.4,1827.4,1842.2,1818.4,0.04K
19/2/2023,1847.75,1851.2,1852.15,1847.55,
20/2/2023,1850.5,1847.55,1856.35,1846.3,
21/2/2023,1842.5,1850.5,1856.4,1839,210.17K
22/2/2023,1833.3,1837,1846.4,1825.1,0.57K
23/2/2023,1818.8,1823.6,1832.7,1818.3,0.65K
24/2/2023,1809.2,1825.2,1827.1,1808.8,0.40K
27/2/2023,1824.9,1818,1827.3,1812,130.43K
28/2/2023,1836.7,1823.9,1838.6,1810.8,184.51K
1/3/2023,1845.4,1834,1852.5,1829.6,182.58K
2/3/2023,1840.5,1843.8,1845.3,1835.9,139.76K
3/3/2023,1854.6,1842.1,1864.4,1842,158.96K
6/3/2023,1854.6,1861,1864.3,1850.6,136.22K
7/3/2023,1820,1852.6,1856.9,1817.1,248.23K
8/3/2023,1818.6,1818,1828.7,1813.4,208.29K
9/3/2023,1834.6,1818,1839.4,1815.4,228.47K
10/3/2023,1867.2,1835.1,1874.3,1830,345.81K
13/3/2023,1916.5,1877.1,1919.5,1875.7,452.33K
14/3/2023,1910.9,1919.4,1919.4,1899.8,261.28K
15/3/2023,1948.1,1924.5,1959.1,1906,84.73K
16/3/2023,1939.7,1940.2,1954.6,1928.4,34.77K
17/3/2023,1990.2,1942.7,2010.4,1939.1,67.46K
20/3/2023,1999.7,2008.6,2031.7,1987,69.06K
21/3/2023,1958.3,2000.7,2005.7,1955.9,65.17K
22/3/2023,1966.6,1959.7,1999.4,1953.7,60.53K
23/3/2023,2013.3,1992.5,2023.3,1984.4,74.55K
24/3/2023,2001.7,2013.3,2023.9,1995.7,118.69K
27/3/2023,1971.5,2000.3,2001.5,1962.7,107.04K
28/3/2023,1973.5,1957.8,1977.1,1949.9,183.58K
29/3/2023,1966.9,1975.4,1976,1959.5,88.56K
30/3/2023,1980.3,1965.9,1984.4,1954.9,10.12K
31/3/2023,1969,1981.3,1986.8,1968,0.96K
3/4/2023,1983.9,1968.1,1991.7,1950,0.74K
4/4/2023,2022.2,1984.6,2027.1,1979,0.81K
5/4/2023,2020.9,2022.1,2033.8,2013.6,0.53K
6/4/2023,2011.9,2022.2,2023.3,2005,0.49K
10/4/2023,1989.1,2000,2006.6,1984,0.65K
11/4/2023,2004.8,1991.4,2006.5,1991.4,0.07K
12/4/2023,2010.9,2005.2,2025.7,2005.2,0.17K
13/4/2023,2041.3,2015.6,2048.6,2015.6,1.04K
14/4/2023,2002.2,2041,2047.8,1995,0.72K
17/4/2023,1994.2,2002.7,2007.6,1983.2,0.55K
18/4/2023,2010.3,1997.1,2013.4,1994.5,0.22K
19/4/2023,1998,2008.5,2009.7,1971.9,0.92K
20/4/2023,2009.8,1996.5,2014.5,1994.2,0.42K
21/4/2023,1981.3,2005.1,2007,1973,0.62K
24/4/2023,1990.6,1983.2,1991,1975.3,0.54K
25/4/2023,1995.1,1995.4,2005,1979.3,0.85K
26/4/2023,1986.9,2000,2009.8,1986.6,0.62K
27/4/2023,1999,1999.8,2013.3,1982,203.90K
28/4/2023,1999.1,1997.2,2004.1,1984.4,172.45K
1/5/2023,1992.2,2000.2,2015.4,1985.7,173.02K
2/5/2023,2023.3,1990.5,2028.8,1986.9,245.64K
3/5/2023,2037,2026.4,2050,2016,229.67K
4/5/2023,2055.7,2054.7,2085.4,2038.5,311.00K
5/5/2023,2024.8,2058,2061.3,2007,283.30K
8/5/2023,2033.2,2024.6,2037.1,2022,182.21K
9/5/2023,2042.9,2028.4,2045.1,2026.4,199.70K
10/5/2023,2037.1,2041.6,2056,2028.3,260.81K
11/5/2023,2020.5,2036.8,2047.6,2016.7,296.98K
12/5/2023,2019.8,2020.5,2027.8,2005.7,220.50K
15/5/2023,2018,2013.8,2017.1,2013.8,0.00K
16/5/2023,1988.4,2021.3,2022.7,1989.1,0.05K
17/5/2023,1980.7,1983.6,1983.6,1983.6,0.01K
18/5/2023,1956.5,1956.8,1956.8,1956.8,0.02K
19/5/2023,1978.7,1960,1976.7,1960,0.11K
